{"count":1,"self":190.5636736,"total":998.863446,"children":{"InitializeActuators":{"count":1,"self":0.002192,"total":0.002192,"children":null},"InitializeSensors":{"count":1,"self":0.0010999999999999998,"total":0.0010999999999999998,"children":null},"AgentSendState":{"count":96551,"self":5.0059968,"total":17.807278999999998,"children":{"CollectObservations":{"count":96551,"self":1.306868,"total":1.306868,"children":null},"CollectDiscreteActionMasks":{"count":96551,"self":1.01431,"total":1.01431,"children":null},"RequestDecision":{"count":96551,"self":4.9172839999999995,"total":10.480103999999999,"children":{"AgentInfo.ToProto":{"count":96551,"self":2.708109,"total":5.5628199999999994,"children":{"GenerateSensorData":{"count":96551,"self":2.854711,"total":2.854711,"children":null}}}}}}},"DecideAction":{"count":96551,"self":551.9255552,"total":551.925533,"children":null},"AgentAct":{"count":96551,"self":238.54238719999998,"total":238.55561699999998,"children":{"AgentInfo.ToProto":{"count":222,"self":0.0070789999999999994,"total":0.013219999999999999,"children":{"GenerateSensorData":{"count":222,"self":0.006141,"total":0.006141,"children":null}}}}},"AgentInfo.ToProto":{"count":108,"self":0.003542,"total":0.006796,"children":{"GenerateSensorData":{"count":108,"self":0.003254,"total":0.003254,"children":null}}}},"gauges":{"RocketReaching.CumulativeReward":{"count":330,"max":0.8509999,"min":-1.49999714,"runningAverage":-0.7038936,"value":-1.49999714,"weightedAverage":-1.12498057}},"metadata":{"timer_format_version":"0.1.0","start_time_seconds":"1608918569","unity_version":"2019.4.16f1","command_line_arguments":"\/home\/eppen\/Unity\/Hub\/Editor\/2019.4.16f1\/Editor\/Unity -projectpath \/home\/eppen\/Rocket -useHub -hubIPC -cloudEnvironment production -hubSessionId 37b5aaf0-4676-11eb-a561-f57d4f6486fd -accessToken 5eex1gefSDmMCcEia2V70s67JmjhC-6JrbRywFen6-U00df","communication_protocol_version":"1.3.0","com.unity.ml-agents_version":"1.7.0-preview","scene_name":"SampleScene","end_time_seconds":"1608919568"}}