{"count":1,"self":238.86069759999998,"total":314.734947,"children":{"InitializeActuators":{"count":1,"self":0.0037229999999999997,"total":0.0037229999999999997,"children":null},"InitializeSensors":{"count":1,"self":0.0014169999999999999,"total":0.0014169999999999999,"children":null},"AgentSendState":{"count":15664,"self":0.88681899999999991,"total":2.152317,"children":{"CollectObservations":{"count":15664,"self":0.22755999999999998,"total":0.22755999999999998,"children":null},"CollectDiscreteActionMasks":{"count":15664,"self":0.176053,"total":0.176053,"children":null},"RequestDecision":{"count":15664,"self":0.861885,"total":0.861885,"children":null}}},"DecideAction":{"count":15664,"self":41.5242848,"total":41.524284,"children":null},"AgentAct":{"count":15664,"self":32.1914016,"total":32.191402,"children":null}},"gauges":{"RocketReaching.CumulativeReward":{"count":127,"max":0.8899999,"min":0.857999861,"runningAverage":0.8785905,"value":0.8809999,"weightedAverage":0.879937053}},"metadata":{"timer_format_version":"0.1.0","start_time_seconds":"1608901895","unity_version":"2019.4.16f1","command_line_arguments":"\/home\/eppen\/Unity\/Hub\/Editor\/2019.4.16f1\/Editor\/Unity -projectpath \/home\/eppen\/Rocket -useHub -hubIPC -cloudEnvironment production -hubSessionId 37b5aaf0-4676-11eb-a561-f57d4f6486fd -accessToken t863OSKf1au3iXvIgdPPk-CmhshPaODzB-49nKKF0GE00df","communication_protocol_version":"1.3.0","com.unity.ml-agents_version":"1.7.0-preview","scene_name":"SampleScene","end_time_seconds":"1608902209"}}